Node,Loopback1,Loopback2,Loopback3,Tunnel1,Tunnel2,Tunnel3,Tunnel4,DataNetwork,CallManager
1,10.10.1.1,10.10.2.1,10.10.3.1,10.10.10.1,10.10.20.1,10.10.30.1,10.10.40.1,11.11.1.0,144.25.1.1
2,10.10.1.2,10.10.2.2,10.10.3.2,10.10.10.2,10.10.20.2,10.10.30.2,10.10.40.2,11.11.2.0,144.25.1.1
3,10.10.1.3,10.10.2.3,10.10.3.3,10.10.10.3,10.10.20.3,10.10.30.3,10.10.40.3,11.11.3.0,144.25.1.1
4,10.10.1.4,10.10.2.4,10.10.3.4,10.10.10.4,10.10.20.4,10.10.30.4,10.10.40.4,11.11.4.0,144.25.1.1
5,10.10.1.5,10.10.2.5,10.10.3.5,10.10.10.5,10.10.20.5,10.10.30.5,10.10.40.5,11.11.1.1,144.25.1.1
6,10.10.1.6,10.10.2.6,10.10.3.6,10.10.10.6,10.10.20.6,10.10.30.6,10.10.40.6,11.11.2.1,144.25.1.1
7,10.10.1.7,10.10.2.7,10.10.3.7,10.10.10.7,10.10.20.7,10.10.30.7,10.10.40.7,11.11.3.1,144.25.1.1
8,10.10.1.8,10.10.2.8,10.10.3.8,10.10.10.8,10.10.20.8,10.10.30.8,10.10.40.8,11.11.4.1,144.25.1.1
9,10.10.1.9,10.10.2.9,10.10.3.9,10.10.10.9,10.10.20.9,10.10.30.9,10.10.40.9,11.11.1.2,144.25.1.1
10,10.10.1.10,10.10.2.10,10.10.3.10,10.10.10.10,10.10.20.10,10.10.30.10,10.10.40.10,11.11.2.2,144.25.1.1
11,10.10.1.11,10.10.2.11,10.10.3.11,10.10.10.11,10.10.20.11,10.10.30.11,10.10.40.11,11.11.3.2,144.25.1.1
12,10.10.1.12,10.10.2.12,10.10.3.12,10.10.10.12,10.10.20.12,10.10.30.12,10.10.40.12,11.11.4.2,144.25.1.1
13,10.10.1.13,10.10.2.13,10.10.3.13,10.10.10.13,10.10.20.13,10.10.30.13,10.10.40.13,11.11.1.3,144.25.1.1
14,10.10.1.14,10.10.2.14,10.10.3.14,10.10.10.14,10.10.20.14,10.10.30.14,10.10.40.14,11.11.2.3,144.25.1.1
15,10.10.1.15,10.10.2.15,10.10.3.15,10.10.10.15,10.10.20.15,10.10.30.15,10.10.40.15,11.11.3.3,144.25.1.1
16,10.10.1.16,10.10.2.16,10.10.3.16,10.10.10.16,10.10.20.16,10.10.30.16,10.10.40.16,11.11.4.3,144.25.1.1
17,10.10.1.17,10.10.2.17,10.10.3.17,10.10.10.17,10.10.20.17,10.10.30.17,10.10.40.17,11.11.1.4,144.25.1.1
18,10.10.1.18,10.10.2.18,10.10.3.18,10.10.10.18,10.10.20.18,10.10.30.18,10.10.40.18,11.11.2.4,144.25.1.1
19,10.10.1.19,10.10.2.19,10.10.3.19,10.10.10.19,10.10.20.19,10.10.30.19,10.10.40.19,11.11.3.4,144.25.1.1
20,10.10.1.20,10.10.2.20,10.10.3.20,10.10.10.20,10.10.20.20,10.10.30.20,10.10.40.20,11.11.4.4,144.25.1.1
21,10.10.1.21,10.10.2.21,10.10.3.21,10.10.10.21,10.10.20.21,10.10.30.21,10.10.40.21,11.11.1.5,144.25.1.1
22,10.10.1.22,10.10.2.22,10.10.3.22,10.10.10.22,10.10.20.22,10.10.30.22,10.10.40.22,11.11.2.5,144.25.1.1
23,10.10.1.23,10.10.2.23,10.10.3.23,10.10.10.23,10.10.20.23,10.10.30.23,10.10.40.23,11.11.3.5,144.25.1.1
24,10.10.1.24,10.10.2.24,10.10.3.24,10.10.10.24,10.10.20.24,10.10.30.24,10.10.40.24,11.11.4.5,144.25.1.1
25,10.10.1.25,10.10.2.25,10.10.3.25,10.10.10.25,10.10.20.25,10.10.30.25,10.10.40.25,11.11.1.6,144.25.1.1
26,10.10.1.26,10.10.2.26,10.10.3.26,10.10.10.26,10.10.20.26,10.10.30.26,10.10.40.26,11.11.2.6,144.25.1.1
27,10.10.1.27,10.10.2.27,10.10.3.27,10.10.10.27,10.10.20.27,10.10.30.27,10.10.40.27,11.11.3.6,144.25.1.1
28,10.10.1.28,10.10.2.28,10.10.3.28,10.10.10.28,10.10.20.28,10.10.30.28,10.10.40.28,11.11.4.6,144.25.1.1
29,10.10.1.29,10.10.2.29,10.10.3.29,10.10.10.29,10.10.20.29,10.10.30.29,10.10.40.29,11.11.1.7,144.25.1.1
30,10.10.1.30,10.10.2.30,10.10.3.30,10.10.10.30,10.10.20.30,10.10.30.30,10.10.40.30,11.11.2.7,144.25.1.1
31,10.10.1.31,10.10.2.31,10.10.3.31,10.10.10.31,10.10.20.31,10.10.30.31,10.10.40.31,11.11.3.7,144.25.1.1
32,10.10.1.32,10.10.2.32,10.10.3.32,10.10.10.32,10.10.20.32,10.10.30.32,10.10.40.32,11.11.4.7,144.25.1.1
33,10.10.1.33,10.10.2.33,10.10.3.33,10.10.10.33,10.10.20.33,10.10.30.33,10.10.40.33,11.11.1.8,144.25.1.1
34,10.10.1.34,10.10.2.34,10.10.3.34,10.10.10.34,10.10.20.34,10.10.30.34,10.10.40.34,11.11.2.8,144.25.1.1
35,10.10.1.35,10.10.2.35,10.10.3.35,10.10.10.35,10.10.20.35,10.10.30.35,10.10.40.35,11.11.3.8,144.25.1.1
36,10.10.1.36,10.10.2.36,10.10.3.36,10.10.10.36,10.10.20.36,10.10.30.36,10.10.40.36,11.11.4.8,144.25.1.1
37,10.10.1.37,10.10.2.37,10.10.3.37,10.10.10.37,10.10.20.37,10.10.30.37,10.10.40.37,11.11.1.9,144.25.1.1
38,10.10.1.38,10.10.2.38,10.10.3.38,10.10.10.38,10.10.20.38,10.10.30.38,10.10.40.38,11.11.2.9,144.25.1.1
39,10.10.1.39,10.10.2.39,10.10.3.39,10.10.10.39,10.10.20.39,10.10.30.39,10.10.40.39,11.11.3.9,144.25.1.1
40,10.10.1.40,10.10.2.40,10.10.3.40,10.10.10.40,10.10.20.40,10.10.30.40,10.10.40.40,11.11.4.9,144.25.1.1
